<?xml version="1.0" encoding="UTF-8"?>
<project-private xmlns="http://www.netbeans.org/ns/project-private/1">
    <editor-bookmarks xmlns="http://www.netbeans.org/ns/editor-bookmarks/2" lastBookmarkId="0"/>
    <open-files xmlns="http://www.netbeans.org/ns/projectui-open-files/2">
        <group>
            <file>file:/F:/Jasti%20Ohanna/KULIAH/SEMESTER%204/2.%20Distributed%20Programming/disprog-uas/WebServer/src/java/com/disprog/model/Villas.java</file>
            <file>file:/F:/Jasti%20Ohanna/KULIAH/SEMESTER%204/2.%20Distributed%20Programming/disprog-uas/WebServer/src/java/com/disprog/model/Reservations.java</file>
            <file>file:/F:/Jasti%20Ohanna/KULIAH/SEMESTER%204/2.%20Distributed%20Programming/disprog-uas/WebServer/src/java/com/ubaya/disprog/WebServiceServer.java</file>
            <file>file:/F:/Jasti%20Ohanna/KULIAH/SEMESTER%204/2.%20Distributed%20Programming/disprog-uas/WebServer/src/java/com/disprog/model/Users.java</file>
            <file>file:/F:/Jasti%20Ohanna/KULIAH/SEMESTER%204/2.%20Distributed%20Programming/disprog-uas/WebServer/src/java/com/disprog/model/DbConnection.java</file>
            <file>file:/F:/Jasti%20Ohanna/KULIAH/SEMESTER%204/2.%20Distributed%20Programming/disprog-uas/WebServer/src/java/com/disprog/model/Chats.java</file>
        </group>
    </open-files>
</project-private>
